<?xml version="1.0" encoding="UTF-8"?>
<project-private xmlns="http://www.netbeans.org/ns/project-private/1">
    <editor-bookmarks xmlns="http://www.netbeans.org/ns/editor-bookmarks/2" lastBookmarkId="0"/>
    <open-files xmlns="http://www.netbeans.org/ns/projectui-open-files/2">
        <group>
            <file>file:/C:/Users/farin/OneDrive/Documents/NetBeansProjects/Proyecto%20GUI%202/src/Segundo/Proyecto/GUI.java</file>
            <file>file:/C:/Users/farin/OneDrive/Documents/NetBeansProjects/Proyecto%20GUI%202/src/Segundo/Proyecto/prueba.java</file>
            <file>file:/C:/Users/farin/OneDrive/Documents/NetBeansProjects/Proyecto%20GUI%202/src/Segundo/Proyecto/Calculadora.java</file>
        </group>
    </open-files>
</project-private>
